DATE,INDPRO,CPI,FFR,Unexp R,Price
1990/7/1,62.6435,0.38491147,8.15,-0.037812484,356.10 
1990/8/1,62.8704,0.920245399,8.13,-0.046330844,322.60 
1990/9/1,62.8839,0.835866261,8.2,-0.053368821,306.10 
1990/10/1,62.4973,0.602863602,8.11,-0.051453648,304.00 
1990/11/1,61.7175,0.224719101,7.81,-0.056436858,322.20 
1990/12/1,61.2885,0,7.31,-0.050370375,330.20 
1991/1/1,61.0842,0.597907324,6.91,-0.043909173,343.90 
1991/2/1,60.6387,0.14858841,6.25,-0.038649258,367.10 
1991/3/1,60.2973,0.148367953,6.12,-0.040792075,375.20 
1991/4/1,60.4524,0.148148148,5.91,-0.033133121,375.40 
1991/5/1,61.0587,0.295857988,5.78,-0.041476711,389.80 
1991/6/1,61.5514,0.294985251,5.9,-0.039470346,371.20 
1991/7/1,61.7201,0.147058824,5.82,-0.037818903,387.80 
1991/8/1,61.7289,0.293685756,5.66,-0.04121237,395.40 
1991/9/1,62.2369,0.439238653,5.45,-0.03940684,387.90 
1991/10/1,62.1718,0.145772595,5.21,-0.041559166,392.50 
1991/11/1,62.0894,0.291120815,4.81,-0.037683349,375.20 
1991/12/1,61.806,0.07256894,4.43,-0.039836748,417.10 
1992/1/1,61.4823,0.145032632,4.03,-0.03746804,408.80 
1992/2/1,61.9192,0.362056481,4.06,-0.03371304,412.70 
1992/3/1,62.4403,0.505050505,3.98,-0.034743245,403.70 
1992/4/1,62.9199,0.143575018,3.73,-0.03256239,414.90 
1992/5/1,63.1268,0.143369176,3.82,-0.036856792,415.40 
1992/6/1,63.1624,0.357909807,3.76,-0.036993182,408.10 
1992/7/1,63.7348,0.213980029,3.25,-0.035982655,424.20 
1992/8/1,63.3802,0.284697509,3.3,-0.03506358,414.00 
1992/9/1,63.5834,0.283889283,3.22,-0.032321923,417.80 
1992/10/1,64.0178,0.353857042,3.1,-0.032823423,418.70 
1992/11/1,64.2628,0.141043724,3.09,-0.02804555,431.40 
1992/12/1,64.3599,-0.070422535,2.92,-0.02918487,435.70 
1993/1/1,64.6135,0.493305144,3.02,-0.032414685,438.80 
1993/2/1,64.9262,0.350631136,3.03,-0.031817243,443.40 
1993/3/1,64.8627,0.34940601,3.07,-0.031823371,451.70 
1993/4/1,65.0423,0.278551532,2.96,-0.028317809,440.20 
1993/5/1,64.8006,0.138888889,3,-0.030356529,450.20 
1993/6/1,64.9476,0.138696255,3.04,-0.021892401,450.50 
1993/7/1,65.1142,0,3.06,-0.032630517,448.10 
1993/8/1,65.0421,0.27700831,3.03,-0.027685436,463.60 
1993/9/1,65.3749,0.20718232,3.09,-0.030016708,458.90 
1993/10/1,65.863,0.413507926,2.99,-0.029414728,467.80 
1993/11/1,66.1696,0.06863418,3.02,-0.025905026,461.80 
1993/12/1,66.5531,0,2.96,-0.026067053,466.40 
1994/1/1,66.7591,0.274348422,3.05,-0.027464631,481.60 
1994/2/1,66.8019,0.341997264,3.25,-0.029934668,467.10 
1994/3/1,67.4704,0.340831629,3.34,-0.032641444,445.80 
1994/4/1,67.8707,0.135869565,3.56,-0.02315878,450.90 
1994/5/1,68.187,0.067842605,4.01,-0.030160131,456.50 
1994/6/1,68.645,0.338983051,4.25,-0.03590045,444.30 
1994/7/1,68.7317,0.27027027,4.26,-0.032394606,458.30 
1994/8/1,69.1882,0.404312668,4.47,-0.028175726,475.50 
1994/9/1,69.3935,0.268456376,4.73,-0.033190074,462.70 
1994/10/1,69.9576,0.066934404,4.76,-0.03317667,472.40 
1994/11/1,70.4288,0.133779264,5.29,-0.035594814,453.70 
1994/12/1,71.1273,0,5.45,-0.036736686,459.30 
1995/1/1,71.2635,0.400801603,5.53,-0.036701026,470.40 
1995/2/1,71.1758,0.399201597,5.92,-0.038589017,487.40 
1995/3/1,71.2796,0.331345262,5.98,-0.03740184,500.70 
1995/4/1,71.1538,0.330250991,6.05,-0.03348272,514.70 
1995/5/1,71.4997,0.197498354,6.01,-0.021975474,533.40 
1995/6/1,71.7327,0.197109067,6,-0.04195921,544.80 
1995/7/1,71.4334,0,5.85,-0.038267217,562.10 
1995/8/1,72.3723,0.262295082,5.74,-0.032530446,561.90 
1995/9/1,72.6543,0.196206671,5.8,-0.036651027,584.40 
1995/10/1,72.5336,0.326370757,5.76,-0.02956104,581.50 
1995/11/1,72.717,-0.065061809,5.8,-0.034106386,605.40 
1995/12/1,72.9638,-0.065104167,5.6,-0.023255237,615.90 
1996/1/1,72.5712,0.586319218,5.56,-0.034737766,636.00 
1996/2/1,73.6207,0.323834197,5.22,-0.033493686,640.40 
1996/3/1,73.5141,0.516462234,5.31,-0.02530199,645.50 
1996/4/1,74.2491,0.385356455,5.22,-0.026926863,654.20 
1996/5/1,74.8142,0.19193858,5.24,-0.034967463,669.10 
1996/6/1,75.3726,0.06385696,5.27,-0.032516133,670.60 
1996/7/1,75.3738,0.191448628,5.4,-0.030012188,640.00 
1996/8/1,75.7557,0.191082803,5.22,-0.034534544,652.00 
1996/9/1,76.2302,0.317863954,5.3,-0.029629802,687.30 
1996/10/1,76.2157,0.316856781,5.24,-0.035319834,705.30 
1996/11/1,76.8973,0.189513582,5.31,-0.034631087,757.00 
1996/12/1,77.3772,0,5.29,-0.028652661,740.70 
1997/1/1,77.5135,0.315258512,5.25,-0.03339732,786.20 
1997/2/1,78.4255,0.314267756,5.19,-0.034213218,790.80 
1997/3/1,78.9197,0.250626566,5.39,-0.027177731,757.10 
1997/4/1,78.9848,0.125,5.51,-0.031576517,801.30 
1997/5/1,79.4296,-0.062421973,5.5,-0.033018958,848.30 
1997/6/1,79.7971,0.124921924,5.56,-0.030384416,885.10 
1997/7/1,80.4666,0.124766064,5.52,-0.031329124,954.30 
1997/8/1,81.2825,0.186915888,5.54,-0.034662624,899.50 
1997/9/1,82.0327,0.248756219,5.54,-0.028458643,947.30 
1997/10/1,82.7656,0.248138958,5.5,-0.036149462,914.60 
1997/11/1,83.427,-0.061881188,5.52,-0.032241653,955.40 
1997/12/1,83.784,-0.123839009,5.5,-0.023276541,970.40 
1998/1/1,84.1564,0.185988841,5.56,-0.031981742,980.30 
1998/2/1,84.3066,0.185643564,5.51,-0.029553999,1049.30 
1998/3/1,84.342,0.185299568,5.49,-0.025153501,1101.80 
1998/4/1,84.6339,0.184956843,5.45,-0.029410161,1111.80 
1998/5/1,85.1867,0.184615385,5.49,-0.029100384,1090.80 
1998/6/1,84.6809,0.122850123,5.56,-0.024414263,1133.80 
1998/7/1,84.3445,0.122699387,5.54,-0.03139099,1120.70 
1998/8/1,86.0816,0.12254902,5.55,-0.027185639,957.30 
1998/9/1,86.0023,0.122399021,5.51,-0.028826454,1017.00 
1998/10/1,86.591,0.244498778,5.07,-0.027122852,1098.70 
1998/11/1,86.5115,0,4.83,-0.025080788,1163.60 
1998/12/1,86.8615,-0.06097561,4.68,-0.020490185,1229.20 
1999/1/1,87.2205,0.244051251,4.63,-0.027105637,1279.60 
1999/2/1,87.726,0.121728545,4.76,-0.025130649,1238.30 
1999/3/1,87.9125,0.303951368,4.81,-0.019384251,1286.40 
1999/4/1,88.1082,0.727272727,4.74,-0.027082202,1335.20 
1999/5/1,88.6483,0,4.74,-0.031089603,1301.80 
1999/6/1,88.5903,0,4.76,-0.015149692,1372.70 
1999/7/1,89.1098,0.300842359,4.99,-0.033308281,1328.70 
1999/8/1,89.5007,0.23995201,5.07,-0.0278644,1320.40 
1999/9/1,89.1304,0.478755236,5.22,-0.028032085,1282.70 
1999/10/1,90.2709,0.178677784,5.2,-0.032189456,1362.90 
1999/11/1,90.7528,0.059453032,5.42,-0.030319449,1388.90 
1999/12/1,91.4784,0,5.3,-0.033735333,1469.20 
2000/1/1,91.4092,0.297088532,5.45,-0.024129103,1394.50 
2000/2/1,91.7245,0.592417062,5.73,-0.031759009,1366.40 
2000/3/1,92.083,0.824499411,5.85,-0.032207138,1498.60 
2000/4/1,92.6659,0.058411215,6.02,-0.030885988,1452.40 
2000/5/1,92.9347,0.116754232,6.27,-0.033588981,1420.60 
2000/6/1,93.0018,0.524781341,6.53,-0.042157632,1454.60 
2000/7/1,92.8373,0.232018561,6.54,-0.024595007,1430.80 
2000/8/1,92.591,0,6.5,-0.033042269,1517.70 
2000/9/1,92.9827,0.520833333,6.52,-0.034597863,1436.50 
2000/10/1,92.64,0.172711572,6.51,-0.032266431,1429.40 
2000/11/1,92.6604,0.057471264,6.51,-0.034911413,1315.00 
2000/12/1,92.3457,-0.057438254,6.4,-0.036218328,1320.30 
2001/1/1,91.8908,0.632183908,5.98,-0.024340206,1366.00 
2001/2/1,91.2851,0.399771559,5.49,-0.030279043,1239.90 
2001/3/1,91.0585,0.227531286,5.31,-0.019236885,1160.30 
2001/4/1,90.7384,0.397275823,4.8,-0.034392607,1249.50 
2001/5/1,90.2607,0.4522329,4.21,-0.031551314,1255.80 
2001/6/1,89.7811,0.16882386,3.97,-0.031924543,1224.40 
2001/7/1,89.2352,-0.280898876,3.77,-0.025435298,1211.20 
2001/8/1,89.157,0,3.65,-0.028324311,1133.60 
2001/9/1,88.6749,0.450704225,3.07,-0.039692002,1040.90 
2001/10/1,88.4051,-0.336511497,2.49,-0.0234929,1059.80 
2001/11/1,87.886,-0.16882386,2.09,-0.022845038,1139.50 
2001/12/1,87.8518,-0.394588501,1.82,-0.033571913,1148.10 
2002/1/1,88.4634,0.226372383,1.73,-0.017404676,1130.20 
2002/2/1,88.4578,0.395256917,1.74,-0.02240151,1106.70 
2002/3/1,89.1265,0.562429696,1.73,-0.019392632,1147.40 
2002/4/1,89.5507,0.559284116,1.75,-0.025838696,1076.90 
2002/5/1,89.9348,0,1.75,-0.030255425,1067.10 
2002/6/1,90.6736,0.055617353,1.75,-0.022855789,989.80 
2002/7/1,90.6436,0.111172874,1.73,-0.025408682,911.60 
2002/8/1,90.5505,0.333148251,1.74,-0.024274093,916.10 
2002/9/1,90.6373,0.166021029,1.75,-0.023330299,815.30 
2002/10/1,90.3988,0.165745856,1.75,-0.022253436,885.80 
2002/11/1,90.8947,0,1.34,-0.020795556,936.30 
2002/12/1,90.3906,-0.220628792,1.24,-0.018084973,879.80 
2003/1/1,91.1369,0.442233278,1.24,-0.020782997,855.70 
2003/2/1,91.2505,0.770500826,1.26,-0.020722767,841.10 
2003/3/1,91.0006,0.60076461,1.25,-0.02090099,848.20 
2003/4/1,90.4311,-0.217155266,1.26,-0.018329197,916.90 
2003/5/1,90.4,-0.163220892,1.26,-0.017993107,963.60 
2003/6/1,90.5196,0.108991826,1.22,-0.031423978,974.50 
2003/7/1,90.9869,0.108873163,1.01,-0.011272404,990.30 
2003/8/1,90.7933,0.380641653,1.03,-0.014355424,1008.00 
2003/9/1,91.3819,0.325027086,1.01,-0.018948579,996.00 
2003/10/1,91.5049,-0.107991361,1.01,-0.022344663,1050.70 
2003/11/1,92.1265,-0.27027027,1,-0.017521172,1058.20 
2003/12/1,92.1732,-0.108401084,0.98,-0.023662492,1111.90 
2004/1/1,92.3268,0.488334238,1,-0.017455712,1131.10 
2004/2/1,92.8995,0.539956803,1.01,-0.021680825,1144.90 
2004/3/1,92.5368,0.644468314,1,-0.016421677,1126.20 
2004/4/1,92.8957,0.320170758,1,-0.02051115,1107.30 
2004/5/1,93.5845,0.585106383,1,-0.019397485,1120.70 
2004/6/1,92.8651,0.317292438,1.03,-0.026883315,1140.80 
2004/7/1,93.5502,-0.158144439,1.26,-0.0200281,1101.70 
2004/8/1,93.6301,0.05279831,1.43,-0.022906249,1104.20 
2004/9/1,93.7353,0.211081794,1.61,-0.031702672,1114.60 
2004/10/1,94.5695,0.526592944,1.76,-0.01519414,1130.20 
2004/11/1,94.8015,0.052383447,1.93,-0.019743926,1173.80 
2004/12/1,95.5415,-0.366492147,2.16,-0.009850806,1211.90 
2005/1/1,95.8785,0.21019443,2.28,-0.026091052,1181.30 
2005/2/1,96.5709,0.576822234,2.5,-0.019586149,1203.60 
2005/3/1,96.4345,0.782064651,2.63,-0.020955037,1180.60 
2005/4/1,96.6347,0.672529747,2.79,-0.024497593,1156.80 
2005/5/1,96.7251,-0.102774923,3,-0.022877537,1191.50 
2005/6/1,97.1483,0.051440329,3.04,-0.024363651,1191.30 
2005/7/1,96.8397,0.462724936,3.26,-0.021167532,1234.20 
2005/8/1,97.1584,0.511770727,3.5,-0.021771388,1220.30 
2005/9/1,95.2764,1.221995927,3.62,-0.017912257,1228.80 
2005/10/1,96.4411,0.201207243,3.78,-0.031942662,1207.00 
2005/11/1,97.5016,-0.803212851,4,-0.027901342,1249.50 
2005/12/1,97.9723,-0.4048583,4.16,-0.034957321,1248.30 
2006/1/1,98.127,0.762195122,4.29,-0.02098829,1280.10 
2006/2/1,98.1687,0.201714574,4.49,-0.02353908,1280.70 
2006/3/1,98.3913,0.55359839,4.59,-0.014351989,1294.80 
2006/4/1,98.6826,0.850850851,4.79,-0.029812665,1310.60 
2006/5/1,98.7074,0.496277916,4.94,-0.025350632,1270.10 
2006/6/1,99.0398,0.197530864,4.99,-0.028603203,1270.20 
2006/7/1,98.9751,0.295712173,5.24,-0.030297311,1276.70 
2006/8/1,99.4047,0.196560197,5.25,-0.028724707,1303.80 
2006/9/1,99.2246,-0.490436488,5.25,-0.023122792,1335.80 
2006/10/1,99.1229,-0.542138985,5.25,-0.026667633,1377.90 
2006/11/1,99.0963,-0.148662042,5.25,-0.019428554,1400.60 
2006/12/1,100.1125,0.148883375,5.24,-0.018609152,1418.30 
2007/1/1,99.7546,0.305252725,5.25,-0.03208751,1438.20 
2007/2/1,100.7166,0.535036756,5.26,-0.025568628,1406.80 
2007/3/1,100.8952,0.910569585,5.26,-0.031068618,1420.90 
2007/4/1,101.5723,0.649616269,5.25,-0.028752173,1482.40 
2007/5/1,101.6269,0.611071867,5.25,-0.033832252,1530.60 
2007/6/1,101.6547,0.193797518,5.25,-0.03332968,1503.30 
2007/7/1,101.4953,-0.025437721,5.26,-0.024289348,1455.30 
2007/8/1,101.6943,-0.183390223,5.02,-0.024409226,1474.00 
2007/9/1,101.9428,0.275590741,4.94,-0.030346201,1526.80 
2007/10/1,101.6446,0.213919133,4.76,-0.027175263,1549.40 
2007/11/1,102.2167,0.593961787,4.49,-0.018476631,1481.10 
2007/12/1,102.2764,-0.067086313,4.24,-0.033893503,1468.40 
2008/1/1,102.1493,0.497057647,3.94,-0.029543415,1378.50 
2008/2/1,101.7756,0.290411218,2.98,-0.03316645,1330.60 
2008/3/1,101.4508,0.866821293,2.61,-0.01969906,1322.70 
2008/4/1,100.7554,0.606477839,2.28,-0.025130776,1385.60 
2008/5/1,100.1336,0.842088603,1.98,-0.024662888,1400.40 
2008/6/1,99.8728,1.007699693,2,-0.022572452,1280.00 
2008/7/1,99.4194,0.525101113,2.01,-0.031751032,1267.40 
2008/8/1,97.8491,-0.399156226,2,-0.035815063,1282.80 
2008/9/1,93.5576,-0.138301854,1.81,-0.025496857,1166.40 
2008/10/1,94.4985,-1.010133328,0.97,-0.004923944,968.80 
2008/11/1,93.2617,-1.915289533,0.39,-0.000373563,896.20 
2008/12/1,90.6266,-1.034247381,0.16,-0.010412893,903.20 
2009/1/1,88.3712,0.435241738,0.15,-0.008121674,825.90 
2009/2/1,87.843,0.497293304,0.22,-0.004314653,735.10 
2009/3/1,86.4689,0.243174846,0.18,0.007769263,797.90 
2009/4/1,85.7903,0.249636828,0.15,-0.026795895,872.80 
2009/5/1,84.9436,0.288876383,0.18,-0.012316769,919.10 
2009/6/1,84.6746,0.858989226,0.21,-0.00876585,919.30 
2009/7/1,85.6853,-0.158558692,0.16,-0.018728386,987.50 
2009/8/1,86.6393,0.224285004,0.16,-0.024126578,1020.60 
2009/9/1,87.3821,0.062548069,0.15,-0.029266149,1057.10 
2009/10/1,87.5809,0.096310119,0.12,-0.012393986,1036.20 
2009/11/1,87.9388,0.070775337,0.12,-0.01810955,1095.60 
2009/12/1,88.2404,-0.176119817,0.12,-0.020029042,1115.10 
2010/1/1,89.1897,0.341747357,0.11,-0.01357308,1073.90 
2010/2/1,89.5046,0.024920738,0.13,-0.01937161,1104.50 
2010/3/1,90.1356,0.410628354,0.16,-0.022641162,1169.40 
2010/4/1,90.4607,0.173688491,0.2,-0.007642008,1186.70 
2010/5/1,91.7014,0.077519735,0.2,-0.016404797,1089.40 
2010/6/1,91.9033,-0.097626708,0.18,-0.014346607,1030.70 
2010/7/1,92.2549,0.021104306,0.18,-0.010339007,1101.60 
2010/8/1,92.5936,0.138066428,0.19,-0.015783064,1049.30 
2010/9/1,92.8533,0.058173623,0.19,-0.00783024,1141.20 
2010/10/1,92.6033,0.124519889,0.19,-0.017707941,1183.30 
2010/11/1,92.6686,0.042064642,0.19,-0.015148239,1180.50 
2010/12/1,93.5916,0.171844079,0.18,-0.01151408,1257.60 
2011/1/1,93.3889,0.476323005,0.17,-0.016519298,1286.10 
2011/2/1,93.0045,0.493136503,0.16,-0.020342987,1327.20 
2011/3/1,93.9684,0.975107203,0.14,-0.020883632,1325.80 
2011/4/1,93.6571,0.643942954,0.1,-0.020093128,1363.60 
2011/5/1,93.7723,0.470418753,0.09,-0.026993654,1345.20 
2011/6/1,94.0493,-0.107096706,0.09,-0.02164597,1320.60 
2011/7/1,94.4958,0.088604567,0.07,-0.025966037,1292.30 
2011/8/1,95.0974,0.27575889,0.1,-0.011000827,1218.90 
2011/9/1,95.0244,0.151846212,0.08,-0.009420899,1131.40 
2011/10/1,95.6891,-0.206268263,0.07,-0.018504477,1253.30 
2011/11/1,95.6778,-0.084356133,0.08,-0.014877231,1247.00 
2011/12/1,96.1809,-0.246651638,0.07,-0.017935257,1257.60 
2012/1/1,96.7595,0.440019143,0.08,-0.01319075,1312.40 
2012/2/1,97.0662,0.440297355,0.1,-0.015155242,1365.70 
2012/3/1,96.5609,0.759455862,0.13,-0.011414881,1408.50 
2012/4/1,97.251,0.30210295,0.14,-0.018902879,1397.90 
2012/5/1,97.4595,-0.117347937,0.16,-0.010314462,1310.30 
2012/6/1,97.4768,-0.146639688,0.16,-0.006802035,1362.20 
2012/7/1,97.6714,-0.162978586,0.16,-0.01637591,1379.30 
2012/8/1,97.2734,0.556515818,0.13,-0.012358356,1406.60 
2012/9/1,97.2217,0.446221227,0.14,-0.023129976,1440.70 
2012/10/1,97.5311,-0.038892514,0.16,-0.014450407,1412.20 
2012/11/1,97.9084,-0.473808669,0.16,-0.014250118,1416.20 
2012/12/1,98.1884,-0.269306449,0.16,-0.026094473,1426.20 
2013/1/1,98.1736,0.295730419,0.14,-0.006770019,1498.10 
2013/2/1,98.6434,0.819002953,0.15,-0.011307744,1514.70 
2013/3/1,99.047,0.261450858,0.14,0.000869743,1569.20 
2013/4/1,98.9445,-0.103963948,0.15,-0.022694089,1597.60 
2013/5/1,99.0383,0.178040777,0.11,-0.011873738,1630.70 
2013/6/1,99.2221,0.239970809,0.09,-0.013424374,1606.30 
2013/7/1,98.8987,0.039399753,0.09,-0.008294113,1685.70 
2013/8/1,99.4897,0.120293156,0.08,-0.024055126,1633.00 
2013/9/1,100.021,0.116300449,0.08,-0.015521423,1681.50 
2013/10/1,99.9037,-0.257528326,0.09,-0.018921481,1756.50 
2013/11/1,100.1582,-0.204242419,0.08,-0.014804615,1805.80 
2013/12/1,100.374,-0.00858115,0.09,-0.02333098,1848.40 
2014/1/1,99.9899,0.372024767,0.07,-0.013178732,1782.60 
2014/2/1,100.7471,0.369790865,0.07,-0.016724678,1859.45 
2014/3/1,101.7435,0.644004413,0.08,-0.010361657,1872.34 
2014/4/1,101.8273,0.329675445,0.09,-0.016563103,1883.95 
2014/5/1,102.2392,0.349260984,0.09,-0.018299687,1923.57 
2014/6/1,102.5774,0.186212694,0.1,-0.01411405,1960.23 
2014/7/1,102.7954,-0.039019396,0.09,-0.021016484,1930.67 
2014/8/1,102.6322,-0.167051417,0.09,-0.01362644,2003.37 
2014/9/1,102.9417,0.075256882,0.09,-0.024348817,1972.29 
2014/10/1,102.9611,-0.251227781,0.09,-0.012113568,2018.05 
2014/11/1,103.5978,-0.539941794,0.09,-0.008242863,2067.56 
2014/12/1,103.6151,-0.567010091,0.12,-0.034699167,2058.90 
2015/1/1,102.7923,-0.470589237,0.11,0.014958916,1994.99 
2015/2/1,102.1366,0.434304492,0.11,-0.005079428,2104.50 
2015/3/1,101.7869,0.595172161,0.11,-0.010154741,2067.89 
2015/4/1,101.2255,0.203287325,0.12,-0.025559453,2085.51 
2015/5/1,100.7675,0.509723203,0.12,-0.017307598,2107.39 
2015/6/1,100.4588,0.350287,0.13,-0.018799919,2063.11 
2015/7/1,101.0893,0.006704716,0.13,-0.018367158,2103.84 
2015/8/1,100.9165,-0.141627628,0.14,-0.018165237,1972.18 
2015/9/1,100.633,-0.155675658,0.14,-0.021455824,1920.03 
2015/10/1,100.1563,-0.044968375,0.12,-0.009939065,2079.36 
2015/11/1,99.4366,-0.211068038,0.12,-0.011954136,2080.41 
2015/12/1,98.9471,-0.341709644,0.24,-0.012870829,2043.94 
2016/1/1,99.4391,0.165310221,0.34,-0.015994656,1940.24 
2016/2/1,98.9232,0.082307653,0.38,-0.008007397,1932.23 
2016/3/1,98.1635,0.430600014,0.36,-0.006999309,2059.74 
2016/4/1,98.4775,0.474106798,0.37,-0.021739518,2065.30 
2016/5/1,98.2549,0.4045791,0.37,-0.016559729,2096.96 
2016/6/1,98.7315,0.328436617,0.38,-0.010188602,2098.86 
2016/7/1,98.8452,-0.16181364,0.39,-0.022232186,2173.60 
2016/8/1,98.7427,0.091843011,0.4,-0.015385227,2170.95 
2016/9/1,98.6552,0.240399586,0.4,-0.023555786,2168.27 
2016/10/1,98.7237,0.124674851,0.4,-0.014683627,2126.15 
2016/11/1,98.3443,-0.155546087,0.41,-0.019422102,2198.81 
2016/12/1,99.0406,0.032732139,0.54,-0.022385301,2238.83 
2017/1/1,98.8158,0.582772789,0.65,-0.013582173,2278.87 
2017/2/1,98.4356,0.314611739,0.66,-0.018849215,2363.64 
2017/3/1,99.0492,0.081279787,0.79,-0.008966443,2362.72 
2017/4/1,100.0416,0.296553337,0.9,-0.019065991,2384.20 
2017/5/1,100.128,0.085472183,0.91,-0.015504383,2411.80 
2017/6/1,100.337,0.090711101,1.04,-0.004681133,2423.41 
2017/7/1,100.0865,-0.068992264,1.15,-0.020942464,2470.30 
2017/8/1,99.6323,0.29944523,1.16,-0.01630504,2471.65 
2017/9/1,99.7482,0.529490589,1.15,-0.022924711,2519.36 
2017/10/1,100.9893,-0.06320421,1.15,-0.018576722,2575.26 
2017/11/1,101.2493,0.002432469,1.16,-0.020823247,2647.58 
2017/12/1,101.4871,-0.058783228,1.3,-0.038820614,2673.61 
2018/1/1,101.4852,0.544774545,1.41,-0.007046976,2823.81 
2018/2/1,101.7319,0.453468997,1.42,-0.01943374,2713.83 
2018/3/1,102.1943,0.22611259,1.51,0.000536006,2640.87 
2018/4/1,103.3551,0.397509156,1.69,-0.022792484,2648.05 
2018/5/1,102.381,0.415891693,1.7,-0.021978242,2705.27 
2018/6/1,103.2256,0.15938757,1.82,-0.016588353,2718.37 
2018/7/1,103.3561,0.006746326,1.91,-0.024891494,2816.29 
2018/8/1,104.0585,0.055554233,1.91,-0.021054997,2901.52 
2018/9/1,104.1038,0.116202518,1.95,-0.026958954,2913.98 
2018/10/1,103.9297,0.176676346,2.19,-0.018906589,2711.74 
2018/11/1,104.0126,-0.334934852,2.2,-0.019109885,2760.17 
2018/12/1,104.0451,-0.319396282,2.27,-0.018026677,2506.85 
2019/1/1,103.3598,0.190659667,2.4,-0.018775063,2704.10 
2019/2/1,102.8251,0.422705314,2.4,-0.018415587,2784.49 
2019/3/1,102.8361,0.564135836,2.41,0.033320093,2834.40 
2019/4/1,102.2748,0.529500161,2.42,-0.040367874,2945.83 
2019/5/1,102.4176,0.212875859,2.39,-0.033483957,2752.06 
2019/6/1,102.5425,0.019914718,2.38,-0.022476141,2941.76 
2019/7/1,102.0057,0.167094162,2.4,-0.02434424,2980.38 
2019/8/1,102.7814,-0.005066824,2.13,-0.02172822,2926.46 
2019/9/1,102.4601,0.078344858,2.04,-0.020866912,2976.74 
2019/10/1,101.5878,0.228619055,1.83,-0.019742239,3037.56 
2019/11/1,102.1494,-0.053624303,1.55,-0.019068663,3140.98 
2019/12/1,101.9421,-0.090976953,1.55,-0.01759292,3230.78 
2020/1/1,101.3372,0.387976994,1.55,-0.020056075,3225.52 
2020/2/1,101.6718,0.274061813,1.58,-0.017325454,2954.22 
2020/3/1,97.606,-0.217645103,0.65,0.022593478,2584.59 
2020/4/1,84.6812,-0.668694187,0.05,-0.011349553,2912.43 
2020/5/1,86.0108,0.001950162,0.05,-0.00308138,3044.31 
2020/6/1,91.6745,0.547204693,0.08,-0.012364898,3100.29 
2020/7/1,95.0037,0.50582435,0.09,-0.026818257,3271.12 
2020/8/1,95.9294,0.315321052,0.1,-0.020606319,3500.31 
2020/9/1,95.8914,0.139274694,0.09,-0.017268048,3363.00 
2020/10/1,96.5256,0.041493776,0.09,-0.014499385,3269.96 
2020/11/1,96.9529,-0.061062722,0.09,-0.015244216,3621.63 
2020/12/1,98.2039,0.094147847,0.09,-0.01891898,3756.07 
2021/1/1,98.8135,0.425378349,0.09,-0.013918108,3714.24 
2021/2/1,95.5072,0.547438279,0.08,-0.018425571,3811.15 
2021/3/1,98.1929,0.708327313,0.07,-0.011126333,3972.89 
2021/4/1,98.3317,0.821890915,0.07,-0.015174662,4181.17 
2021/5/1,99.1867,0.801710515,0.06,-0.019038957,4204.11 
2021/6/1,99.6483,0.92906629,0.08,-0.020533741,4297.50 
2021/7/1,100.0668,0.481052353,0.1,-0.021122303,4395.26 
2021/8/1,100.0412,0.206591136,0.09,-0.032189698,4522.68 
2021/9/1,98.9955,0.271597086,0.08,-0.026496913,4307.54 
2021/10/1,100.3542,0.830811855,0.08,-0.009595556,4605.38 
2021/11/1,101.2684,0.49134275,0.08,-0.025798227,4567.00 
2021/12/1,101.1948,0.307251716,0.08,-0.027441005,4766.18 
2022/1/1,101.2146,0.841457378,0.08,-0.018472709,4515.55 
2022/2/1,101.8458,0.913397926,0.08,-0.026079257,4373.94 
2022/3/1,102.6732,1.335137955,0.2,-0.029071986,4530.41 
2022/4/1,102.9024,0.558253103,0.33,-0.032537694,4131.93 
2022/5/1,102.9659,1.1023524,0.77,-0.032520521,4132.15 
2022/6/1,102.8224,1.373607576,1.21,-0.042263007,3785.38 
2022/7/1,103.0505,-0.011811914,1.68,-0.01495944,4130.29 
2022/8/1,103.1703,-0.035439928,2.33,-0.033302142,3955.00 
2022/9/1,103.5326,0.215078451,2.56,-0.044458868,3585.62 
2022/10/1,103.4442,0.405649443,3.08,-0.01454708,3871.98 
2022/11/1,103.1058,-0.101002644,3.78,-0.026602351,4080.11 
2022/12/1,101.8266,-0.307009146,4.1,-0.026688302,3839.50 
2023/1/1,102.7476,0.799536383,4.33,-0.023638466,4076.60 
2023/2/1,102.8003,0.558211051,4.57,-0.026374578,3970.15 
2023/3/1,102.8143,0.331072996,4.65,-0.014843525,4109.31 
2023/4/1,103.2241,0.505903868,4.83,-0.034791872,4169.48 
2023/5/1,102.9809,0.251843501,5.06,-0.027840354,4179.83 
2023/6/1,102.3809,0.322891424,5.08,0.041735971,4450.38 
2023/7/1,103.0722,0.190751502,5.12,-0.043765332,4588.96 
2023/8/1,103.0951,0.436715507,5.33,-0.033989068,4507.66 
2023/9/1,103.3081,0.248513155,5.33,-0.037031247,4288.05 
2023/10/1,102.5781,-0.038337952,5.33,-0.030455406,4193.80 
2023/11/1,102.8868,-0.201513955,5.33,-0.03257837,4567.80 
2023/12/1,102.6309,-0.099332033,5.33,-0.040252494,4769.83 
2024/1/1,101.483,0.54475038,5.33,-0.022614419,4845.65 
2024/2/1,102.7267,0.618967178,5.33,-0.025903771,5096.27 
2024/3/1,102.5186,0.646416994,5.33,-0.018466619,5254.35 